--
-- PostgreSQL database dump
--

-- Dumped from database version 15.13
-- Dumped by pg_dump version 15.13

SET statement_timeout = 0;
SET lock_timeout = 0;
SET idle_in_transaction_session_timeout = 0;
SET client_encoding = 'UTF8';
SET standard_conforming_strings = on;
SELECT pg_catalog.set_config('search_path', '', false);
SET check_function_bodies = false;
SET xmloption = content;
SET client_min_messages = warning;
SET row_security = off;

SET default_tablespace = '';

SET default_table_access_method = heap;

--
-- Name: auth_group; Type: TABLE; Schema: public; Owner: finance
--

CREATE TABLE public.auth_group (
    id integer NOT NULL,
    name character varying(150) NOT NULL
);


ALTER TABLE public.auth_group OWNER TO finance;

--
-- Name: auth_group_id_seq; Type: SEQUENCE; Schema: public; Owner: finance
--

ALTER TABLE public.auth_group ALTER COLUMN id ADD GENERATED BY DEFAULT AS IDENTITY (
    SEQUENCE NAME public.auth_group_id_seq
    START WITH 1
    INCREMENT BY 1
    NO MINVALUE
    NO MAXVALUE
    CACHE 1
);


--
-- Name: auth_group_permissions; Type: TABLE; Schema: public; Owner: finance
--

CREATE TABLE public.auth_group_permissions (
    id bigint NOT NULL,
    group_id integer NOT NULL,
    permission_id integer NOT NULL
);


ALTER TABLE public.auth_group_permissions OWNER TO finance;

--
-- Name: auth_group_permissions_id_seq; Type: SEQUENCE; Schema: public; Owner: finance
--

ALTER TABLE public.auth_group_permissions ALTER COLUMN id ADD GENERATED BY DEFAULT AS IDENTITY (
    SEQUENCE NAME public.auth_group_permissions_id_seq
    START WITH 1
    INCREMENT BY 1
    NO MINVALUE
    NO MAXVALUE
    CACHE 1
);


--
-- Name: auth_permission; Type: TABLE; Schema: public; Owner: finance
--

CREATE TABLE public.auth_permission (
    id integer NOT NULL,
    name character varying(255) NOT NULL,
    content_type_id integer NOT NULL,
    codename character varying(100) NOT NULL
);


ALTER TABLE public.auth_permission OWNER TO finance;

--
-- Name: auth_permission_id_seq; Type: SEQUENCE; Schema: public; Owner: finance
--

ALTER TABLE public.auth_permission ALTER COLUMN id ADD GENERATED BY DEFAULT AS IDENTITY (
    SEQUENCE NAME public.auth_permission_id_seq
    START WITH 1
    INCREMENT BY 1
    NO MINVALUE
    NO MAXVALUE
    CACHE 1
);


--
-- Name: auth_user; Type: TABLE; Schema: public; Owner: finance
--

CREATE TABLE public.auth_user (
    id integer NOT NULL,
    password character varying(128) NOT NULL,
    last_login timestamp with time zone,
    is_superuser boolean NOT NULL,
    username character varying(150) NOT NULL,
    first_name character varying(150) NOT NULL,
    last_name character varying(150) NOT NULL,
    email character varying(254) NOT NULL,
    is_staff boolean NOT NULL,
    is_active boolean NOT NULL,
    date_joined timestamp with time zone NOT NULL
);


ALTER TABLE public.auth_user OWNER TO finance;

--
-- Name: auth_user_groups; Type: TABLE; Schema: public; Owner: finance
--

CREATE TABLE public.auth_user_groups (
    id bigint NOT NULL,
    user_id integer NOT NULL,
    group_id integer NOT NULL
);


ALTER TABLE public.auth_user_groups OWNER TO finance;

--
-- Name: auth_user_groups_id_seq; Type: SEQUENCE; Schema: public; Owner: finance
--

ALTER TABLE public.auth_user_groups ALTER COLUMN id ADD GENERATED BY DEFAULT AS IDENTITY (
    SEQUENCE NAME public.auth_user_groups_id_seq
    START WITH 1
    INCREMENT BY 1
    NO MINVALUE
    NO MAXVALUE
    CACHE 1
);


--
-- Name: auth_user_id_seq; Type: SEQUENCE; Schema: public; Owner: finance
--

ALTER TABLE public.auth_user ALTER COLUMN id ADD GENERATED BY DEFAULT AS IDENTITY (
    SEQUENCE NAME public.auth_user_id_seq
    START WITH 1
    INCREMENT BY 1
    NO MINVALUE
    NO MAXVALUE
    CACHE 1
);


--
-- Name: auth_user_user_permissions; Type: TABLE; Schema: public; Owner: finance
--

CREATE TABLE public.auth_user_user_permissions (
    id bigint NOT NULL,
    user_id integer NOT NULL,
    permission_id integer NOT NULL
);


ALTER TABLE public.auth_user_user_permissions OWNER TO finance;

--
-- Name: auth_user_user_permissions_id_seq; Type: SEQUENCE; Schema: public; Owner: finance
--

ALTER TABLE public.auth_user_user_permissions ALTER COLUMN id ADD GENERATED BY DEFAULT AS IDENTITY (
    SEQUENCE NAME public.auth_user_user_permissions_id_seq
    START WITH 1
    INCREMENT BY 1
    NO MINVALUE
    NO MAXVALUE
    CACHE 1
);


--
-- Name: daily_records; Type: TABLE; Schema: public; Owner: finance
--

CREATE TABLE public.daily_records (
    id bigint NOT NULL,
    date date NOT NULL,
    title character varying(255) NOT NULL,
    cost numeric(12,2) NOT NULL,
    store character varying(255) NOT NULL,
    category character varying(100) NOT NULL,
    user_id integer NOT NULL,
    month_id bigint NOT NULL
);


ALTER TABLE public.daily_records OWNER TO finance;

--
-- Name: daily_records_id_seq; Type: SEQUENCE; Schema: public; Owner: finance
--

ALTER TABLE public.daily_records ALTER COLUMN id ADD GENERATED BY DEFAULT AS IDENTITY (
    SEQUENCE NAME public.daily_records_id_seq
    START WITH 1
    INCREMENT BY 1
    NO MINVALUE
    NO MAXVALUE
    CACHE 1
);


--
-- Name: django_admin_log; Type: TABLE; Schema: public; Owner: finance
--

CREATE TABLE public.django_admin_log (
    id integer NOT NULL,
    action_time timestamp with time zone NOT NULL,
    object_id text,
    object_repr character varying(200) NOT NULL,
    action_flag smallint NOT NULL,
    change_message text NOT NULL,
    content_type_id integer,
    user_id integer NOT NULL,
    CONSTRAINT django_admin_log_action_flag_check CHECK ((action_flag >= 0))
);


ALTER TABLE public.django_admin_log OWNER TO finance;

--
-- Name: django_admin_log_id_seq; Type: SEQUENCE; Schema: public; Owner: finance
--

ALTER TABLE public.django_admin_log ALTER COLUMN id ADD GENERATED BY DEFAULT AS IDENTITY (
    SEQUENCE NAME public.django_admin_log_id_seq
    START WITH 1
    INCREMENT BY 1
    NO MINVALUE
    NO MAXVALUE
    CACHE 1
);


--
-- Name: django_content_type; Type: TABLE; Schema: public; Owner: finance
--

CREATE TABLE public.django_content_type (
    id integer NOT NULL,
    app_label character varying(100) NOT NULL,
    model character varying(100) NOT NULL
);


ALTER TABLE public.django_content_type OWNER TO finance;

--
-- Name: django_content_type_id_seq; Type: SEQUENCE; Schema: public; Owner: finance
--

ALTER TABLE public.django_content_type ALTER COLUMN id ADD GENERATED BY DEFAULT AS IDENTITY (
    SEQUENCE NAME public.django_content_type_id_seq
    START WITH 1
    INCREMENT BY 1
    NO MINVALUE
    NO MAXVALUE
    CACHE 1
);


--
-- Name: django_migrations; Type: TABLE; Schema: public; Owner: finance
--

CREATE TABLE public.django_migrations (
    id bigint NOT NULL,
    app character varying(255) NOT NULL,
    name character varying(255) NOT NULL,
    applied timestamp with time zone NOT NULL
);


ALTER TABLE public.django_migrations OWNER TO finance;

--
-- Name: django_migrations_id_seq; Type: SEQUENCE; Schema: public; Owner: finance
--

ALTER TABLE public.django_migrations ALTER COLUMN id ADD GENERATED BY DEFAULT AS IDENTITY (
    SEQUENCE NAME public.django_migrations_id_seq
    START WITH 1
    INCREMENT BY 1
    NO MINVALUE
    NO MAXVALUE
    CACHE 1
);


--
-- Name: django_session; Type: TABLE; Schema: public; Owner: finance
--

CREATE TABLE public.django_session (
    session_key character varying(40) NOT NULL,
    session_data text NOT NULL,
    expire_date timestamp with time zone NOT NULL
);


ALTER TABLE public.django_session OWNER TO finance;

--
-- Name: income_records; Type: TABLE; Schema: public; Owner: finance
--

CREATE TABLE public.income_records (
    id bigint NOT NULL,
    date date NOT NULL,
    title character varying(255) NOT NULL,
    amount numeric(12,2) NOT NULL,
    source character varying(100) NOT NULL,
    user_id integer NOT NULL,
    month_id bigint NOT NULL
);


ALTER TABLE public.income_records OWNER TO finance;

--
-- Name: income_records_id_seq; Type: SEQUENCE; Schema: public; Owner: finance
--

ALTER TABLE public.income_records ALTER COLUMN id ADD GENERATED BY DEFAULT AS IDENTITY (
    SEQUENCE NAME public.income_records_id_seq
    START WITH 1
    INCREMENT BY 1
    NO MINVALUE
    NO MAXVALUE
    CACHE 1
);


--
-- Name: monthly_records; Type: TABLE; Schema: public; Owner: finance
--

CREATE TABLE public.monthly_records (
    id bigint NOT NULL,
    date date NOT NULL,
    total_income numeric(15,2) NOT NULL,
    total_expense numeric(15,2) NOT NULL,
    user_id integer NOT NULL
);


ALTER TABLE public.monthly_records OWNER TO finance;

--
-- Name: monthly_records_id_seq; Type: SEQUENCE; Schema: public; Owner: finance
--

ALTER TABLE public.monthly_records ALTER COLUMN id ADD GENERATED BY DEFAULT AS IDENTITY (
    SEQUENCE NAME public.monthly_records_id_seq
    START WITH 1
    INCREMENT BY 1
    NO MINVALUE
    NO MAXVALUE
    CACHE 1
);


--
-- Data for Name: auth_group; Type: TABLE DATA; Schema: public; Owner: finance
--

COPY public.auth_group (id, name) FROM stdin;
\.


--
-- Data for Name: auth_group_permissions; Type: TABLE DATA; Schema: public; Owner: finance
--

COPY public.auth_group_permissions (id, group_id, permission_id) FROM stdin;
\.


--
-- Data for Name: auth_permission; Type: TABLE DATA; Schema: public; Owner: finance
--

COPY public.auth_permission (id, name, content_type_id, codename) FROM stdin;
1	Can add Monthly Record	1	add_monthly
2	Can change Monthly Record	1	change_monthly
3	Can delete Monthly Record	1	delete_monthly
4	Can view Monthly Record	1	view_monthly
5	Can add Income Record	2	add_income
6	Can change Income Record	2	change_income
7	Can delete Income Record	2	delete_income
8	Can view Income Record	2	view_income
9	Can add Daily Record	3	add_daily
10	Can change Daily Record	3	change_daily
11	Can delete Daily Record	3	delete_daily
12	Can view Daily Record	3	view_daily
13	Can add log entry	4	add_logentry
14	Can change log entry	4	change_logentry
15	Can delete log entry	4	delete_logentry
16	Can view log entry	4	view_logentry
17	Can add permission	5	add_permission
18	Can change permission	5	change_permission
19	Can delete permission	5	delete_permission
20	Can view permission	5	view_permission
21	Can add group	6	add_group
22	Can change group	6	change_group
23	Can delete group	6	delete_group
24	Can view group	6	view_group
25	Can add user	7	add_user
26	Can change user	7	change_user
27	Can delete user	7	delete_user
28	Can view user	7	view_user
29	Can add content type	8	add_contenttype
30	Can change content type	8	change_contenttype
31	Can delete content type	8	delete_contenttype
32	Can view content type	8	view_contenttype
33	Can add session	9	add_session
34	Can change session	9	change_session
35	Can delete session	9	delete_session
36	Can view session	9	view_session
\.


--
-- Data for Name: auth_user; Type: TABLE DATA; Schema: public; Owner: finance
--

COPY public.auth_user (id, password, last_login, is_superuser, username, first_name, last_name, email, is_staff, is_active, date_joined) FROM stdin;
2	pbkdf2_sha256$1000000$gLT8QEm5eVKktXRjKXRAcR$R3UzVWlUWGUa/+JGNEarp074N7+IuzB3USC2x+aErlw=	2025-08-08 17:36:33.557745+00	f	Zuza			zuzanna.gnyp.99@gmail.com	f	t	2025-08-08 15:20:36.352551+00
1	pbkdf2_sha256$1000000$p4Zcw1F3jQWAuM8AKq6Rlq$04iMxqEnPaNfsGKB4B3rJfTKPqP2cXS24SEcplRIEDM=	2025-08-08 21:46:49.566518+00	f	Dawid			dawidtrzcinski1@gmail.com	f	t	2025-08-08 12:22:32.016551+00
\.


--
-- Data for Name: auth_user_groups; Type: TABLE DATA; Schema: public; Owner: finance
--

COPY public.auth_user_groups (id, user_id, group_id) FROM stdin;
\.


--
-- Data for Name: auth_user_user_permissions; Type: TABLE DATA; Schema: public; Owner: finance
--

COPY public.auth_user_user_permissions (id, user_id, permission_id) FROM stdin;
\.


--
-- Data for Name: daily_records; Type: TABLE DATA; Schema: public; Owner: finance
--

COPY public.daily_records (id, date, title, cost, store, category, user_id, month_id) FROM stdin;
1	2025-08-07	2 For U	9.90	McDonald's	Jedzenie	1	1
2	2025-08-07	Kosmetyki na wyjazd	27.48	Rossmann	Inne	1	1
3	2025-08-07	Bułki	8.40	Gorąco Polecam	Jedzenie	1	1
4	2025-08-08	Zakupy spożywcze	26.92	Biedronka	Jedzenie	1	1
5	2025-08-08	Pinsa	9.50	Żabka	Jedzenie	1	1
6	2025-08-08	Zakupy spożywcze	21.31	Biedronka	Jedzenie	1	1
8	2025-08-01	Zakupy	20.58	Żabka	Jedzenie	2	2
9	2025-08-01	Doładowanie telefonu	35.00	Orange	Rachunki	2	2
10	2025-08-01	Parking	1.90	SkyCash	Transport	2	2
12	2025-08-04	Ciasto do pracy	299.02	Sowa	Inne	2	2
11	2025-08-04	Pieczywo	3.96	Gorąco Polecam	Jedzenie	2	2
13	2025-08-04	Prezent praca	30.00	-	Inne	2	2
14	2025-08-05	Zakupy	8.48	Biedronka	Jedzenie	2	2
15	2025-08-05	Pieczywo	9.47	Gorąco Polecam	Jedzenie	2	2
16	2025-08-06	Panieński gadżety	144.04	TEMU	Rozrywka	2	2
17	2025-08-06	Pociągi	247.85	PKP Intercity	Transport	2	2
18	2025-08-07	Zakupy	85.79	Biedronka	Jedzenie	2	2
19	2025-08-07	Prezent dla taty	349.65	-	Rodzice	2	2
20	2025-08-07	Zakupy	9.77	Carrefour	Jedzenie	2	2
21	2025-08-08	Pączki	15.00	Cukiernia Pawłowicz	Jedzenie	2	2
22	2025-08-08	Pieczywo	7.95	Gorąco Polecam	Jedzenie	2	2
23	2025-08-08	Zakupy osobiste	62.47	Rossmann	Zakupy	2	2
24	2025-08-08	Bilet PKP Intercity	72.00	PKP Intercity	Transport	1	1
25	2025-08-08	Szisza & drinki	200.00	COCO Lounge	Rozrywka	1	1
\.


--
-- Data for Name: django_admin_log; Type: TABLE DATA; Schema: public; Owner: finance
--

COPY public.django_admin_log (id, action_time, object_id, object_repr, action_flag, change_message, content_type_id, user_id) FROM stdin;
\.


--
-- Data for Name: django_content_type; Type: TABLE DATA; Schema: public; Owner: finance
--

COPY public.django_content_type (id, app_label, model) FROM stdin;
1	finance	monthly
2	finance	income
3	finance	daily
4	admin	logentry
5	auth	permission
6	auth	group
7	auth	user
8	contenttypes	contenttype
9	sessions	session
\.


--
-- Data for Name: django_migrations; Type: TABLE DATA; Schema: public; Owner: finance
--

COPY public.django_migrations (id, app, name, applied) FROM stdin;
1	contenttypes	0001_initial	2025-08-08 12:21:52.35556+00
2	auth	0001_initial	2025-08-08 12:21:53.004234+00
3	admin	0001_initial	2025-08-08 12:21:53.089818+00
4	admin	0002_logentry_remove_auto_add	2025-08-08 12:21:53.110681+00
5	admin	0003_logentry_add_action_flag_choices	2025-08-08 12:21:53.131366+00
6	contenttypes	0002_remove_content_type_name	2025-08-08 12:21:53.173316+00
7	auth	0002_alter_permission_name_max_length	2025-08-08 12:21:53.201047+00
8	auth	0003_alter_user_email_max_length	2025-08-08 12:21:53.223238+00
9	auth	0004_alter_user_username_opts	2025-08-08 12:21:53.243232+00
10	auth	0005_alter_user_last_login_null	2025-08-08 12:21:53.265136+00
11	auth	0006_require_contenttypes_0002	2025-08-08 12:21:53.270822+00
12	auth	0007_alter_validators_add_error_messages	2025-08-08 12:21:53.291353+00
13	auth	0008_alter_user_username_max_length	2025-08-08 12:21:53.329247+00
14	auth	0009_alter_user_last_name_max_length	2025-08-08 12:21:53.353181+00
15	auth	0010_alter_group_name_max_length	2025-08-08 12:21:53.38106+00
16	auth	0011_update_proxy_permissions	2025-08-08 12:21:53.402393+00
17	auth	0012_alter_user_first_name_max_length	2025-08-08 12:21:53.42502+00
18	finance	0001_initial	2025-08-08 12:21:53.656326+00
19	finance	0002_alter_monthly_date	2025-08-08 12:21:53.706451+00
20	finance	0003_alter_daily_cost_alter_income_amount_and_more	2025-08-08 12:21:54.003366+00
21	sessions	0001_initial	2025-08-08 12:21:54.075811+00
\.


--
-- Data for Name: django_session; Type: TABLE DATA; Schema: public; Owner: finance
--

COPY public.django_session (session_key, session_data, expire_date) FROM stdin;
9pyxhjqv3tsq2ntysdao136jxouen12r	.eJxVjDsOgzAQRO_iOrKw8Tdles6AdtdLTBIZCUMV5e4xEkVSjTTvzbzFCPuWx73yOs5JXIUSl98OgZ5cDpAeUO6LpKVs64zyUORJqxyWxK_b6f4dZKi5rVEZO1nu2IAJihMaH7RGUD01ohAckOZkI_YtXTf5iI66mDxpAhvE5wvtbDhN:1ukM7G:65MY2yXxLdyoDm-Qi5hGALIUq0WlYMAdeV_QhmmtRP0	2025-08-22 12:22:34.030334+00
1ept7kdwiyrx7mkbby4q9lh6w9b0ddxa	.eJxVjDsOgzAQRO_iOrKw8Tdles6AdtdLTBIZCUMV5e4xEkVSjTTvzbzFCPuWx73yOs5JXIUSl98OgZ5cDpAeUO6LpKVs64zyUORJqxyWxK_b6f4dZKi5rVEZO1nu2IAJihMaH7RGUD01ohAckOZkI_YtXTf5iI66mDxpAhvE5wvtbDhN:1ukUvJ:PeaZ-Yt--ejJFwqTFBo1cXW_6iIMm-EnHiym2f4h6Pk	2025-08-22 21:46:49.573779+00
\.


--
-- Data for Name: income_records; Type: TABLE DATA; Schema: public; Owner: finance
--

COPY public.income_records (id, date, title, amount, source, user_id, month_id) FROM stdin;
1	2025-08-06	Saldo początkowe	5602.85	Pensja	1	1
2	2025-08-01	Kieszonkowe	294.72	Inwestycje	2	2
4	2025-08-05	Wpłata na panieński	900.00	Inne	2	2
5	2025-08-08	Wypłata za lipiec	5191.24	Pensja	2	2
6	2025-08-04	Na ciasto do pracy	150.00	Inne	2	2
7	2025-08-06	Zwrot	30.00	Inne	2	2
\.


--
-- Data for Name: monthly_records; Type: TABLE DATA; Schema: public; Owner: finance
--

COPY public.monthly_records (id, date, total_income, total_expense, user_id) FROM stdin;
2	2025-08-01	6565.96	1330.93	2
1	2025-08-01	5602.85	375.51	1
\.


--
-- Name: auth_group_id_seq; Type: SEQUENCE SET; Schema: public; Owner: finance
--

SELECT pg_catalog.setval('public.auth_group_id_seq', 1, false);


--
-- Name: auth_group_permissions_id_seq; Type: SEQUENCE SET; Schema: public; Owner: finance
--

SELECT pg_catalog.setval('public.auth_group_permissions_id_seq', 1, false);


--
-- Name: auth_permission_id_seq; Type: SEQUENCE SET; Schema: public; Owner: finance
--

SELECT pg_catalog.setval('public.auth_permission_id_seq', 36, true);


--
-- Name: auth_user_groups_id_seq; Type: SEQUENCE SET; Schema: public; Owner: finance
--

SELECT pg_catalog.setval('public.auth_user_groups_id_seq', 1, false);


--
-- Name: auth_user_id_seq; Type: SEQUENCE SET; Schema: public; Owner: finance
--

SELECT pg_catalog.setval('public.auth_user_id_seq', 2, true);


--
-- Name: auth_user_user_permissions_id_seq; Type: SEQUENCE SET; Schema: public; Owner: finance
--

SELECT pg_catalog.setval('public.auth_user_user_permissions_id_seq', 1, false);


--
-- Name: daily_records_id_seq; Type: SEQUENCE SET; Schema: public; Owner: finance
--

SELECT pg_catalog.setval('public.daily_records_id_seq', 25, true);


--
-- Name: django_admin_log_id_seq; Type: SEQUENCE SET; Schema: public; Owner: finance
--

SELECT pg_catalog.setval('public.django_admin_log_id_seq', 1, false);


--
-- Name: django_content_type_id_seq; Type: SEQUENCE SET; Schema: public; Owner: finance
--

SELECT pg_catalog.setval('public.django_content_type_id_seq', 9, true);


--
-- Name: django_migrations_id_seq; Type: SEQUENCE SET; Schema: public; Owner: finance
--

SELECT pg_catalog.setval('public.django_migrations_id_seq', 21, true);


--
-- Name: income_records_id_seq; Type: SEQUENCE SET; Schema: public; Owner: finance
--

SELECT pg_catalog.setval('public.income_records_id_seq', 7, true);


--
-- Name: monthly_records_id_seq; Type: SEQUENCE SET; Schema: public; Owner: finance
--

SELECT pg_catalog.setval('public.monthly_records_id_seq', 2, true);


--
-- Name: auth_group auth_group_name_key; Type: CONSTRAINT; Schema: public; Owner: finance
--

ALTER TABLE ONLY public.auth_group
    ADD CONSTRAINT auth_group_name_key UNIQUE (name);


--
-- Name: auth_group_permissions auth_group_permissions_group_id_permission_id_0cd325b0_uniq; Type: CONSTRAINT; Schema: public; Owner: finance
--

ALTER TABLE ONLY public.auth_group_permissions
    ADD CONSTRAINT auth_group_permissions_group_id_permission_id_0cd325b0_uniq UNIQUE (group_id, permission_id);


--
-- Name: auth_group_permissions auth_group_permissions_pkey; Type: CONSTRAINT; Schema: public; Owner: finance
--

ALTER TABLE ONLY public.auth_group_permissions
    ADD CONSTRAINT auth_group_permissions_pkey PRIMARY KEY (id);


--
-- Name: auth_group auth_group_pkey; Type: CONSTRAINT; Schema: public; Owner: finance
--

ALTER TABLE ONLY public.auth_group
    ADD CONSTRAINT auth_group_pkey PRIMARY KEY (id);


--
-- Name: auth_permission auth_permission_content_type_id_codename_01ab375a_uniq; Type: CONSTRAINT; Schema: public; Owner: finance
--

ALTER TABLE ONLY public.auth_permission
    ADD CONSTRAINT auth_permission_content_type_id_codename_01ab375a_uniq UNIQUE (content_type_id, codename);


--
-- Name: auth_permission auth_permission_pkey; Type: CONSTRAINT; Schema: public; Owner: finance
--

ALTER TABLE ONLY public.auth_permission
    ADD CONSTRAINT auth_permission_pkey PRIMARY KEY (id);


--
-- Name: auth_user_groups auth_user_groups_pkey; Type: CONSTRAINT; Schema: public; Owner: finance
--

ALTER TABLE ONLY public.auth_user_groups
    ADD CONSTRAINT auth_user_groups_pkey PRIMARY KEY (id);


--
-- Name: auth_user_groups auth_user_groups_user_id_group_id_94350c0c_uniq; Type: CONSTRAINT; Schema: public; Owner: finance
--

ALTER TABLE ONLY public.auth_user_groups
    ADD CONSTRAINT auth_user_groups_user_id_group_id_94350c0c_uniq UNIQUE (user_id, group_id);


--
-- Name: auth_user auth_user_pkey; Type: CONSTRAINT; Schema: public; Owner: finance
--

ALTER TABLE ONLY public.auth_user
    ADD CONSTRAINT auth_user_pkey PRIMARY KEY (id);


--
-- Name: auth_user_user_permissions auth_user_user_permissions_pkey; Type: CONSTRAINT; Schema: public; Owner: finance
--

ALTER TABLE ONLY public.auth_user_user_permissions
    ADD CONSTRAINT auth_user_user_permissions_pkey PRIMARY KEY (id);


--
-- Name: auth_user_user_permissions auth_user_user_permissions_user_id_permission_id_14a6b632_uniq; Type: CONSTRAINT; Schema: public; Owner: finance
--

ALTER TABLE ONLY public.auth_user_user_permissions
    ADD CONSTRAINT auth_user_user_permissions_user_id_permission_id_14a6b632_uniq UNIQUE (user_id, permission_id);


--
-- Name: auth_user auth_user_username_key; Type: CONSTRAINT; Schema: public; Owner: finance
--

ALTER TABLE ONLY public.auth_user
    ADD CONSTRAINT auth_user_username_key UNIQUE (username);


--
-- Name: daily_records daily_records_pkey; Type: CONSTRAINT; Schema: public; Owner: finance
--

ALTER TABLE ONLY public.daily_records
    ADD CONSTRAINT daily_records_pkey PRIMARY KEY (id);


--
-- Name: django_admin_log django_admin_log_pkey; Type: CONSTRAINT; Schema: public; Owner: finance
--

ALTER TABLE ONLY public.django_admin_log
    ADD CONSTRAINT django_admin_log_pkey PRIMARY KEY (id);


--
-- Name: django_content_type django_content_type_app_label_model_76bd3d3b_uniq; Type: CONSTRAINT; Schema: public; Owner: finance
--

ALTER TABLE ONLY public.django_content_type
    ADD CONSTRAINT django_content_type_app_label_model_76bd3d3b_uniq UNIQUE (app_label, model);


--
-- Name: django_content_type django_content_type_pkey; Type: CONSTRAINT; Schema: public; Owner: finance
--

ALTER TABLE ONLY public.django_content_type
    ADD CONSTRAINT django_content_type_pkey PRIMARY KEY (id);


--
-- Name: django_migrations django_migrations_pkey; Type: CONSTRAINT; Schema: public; Owner: finance
--

ALTER TABLE ONLY public.django_migrations
    ADD CONSTRAINT django_migrations_pkey PRIMARY KEY (id);


--
-- Name: django_session django_session_pkey; Type: CONSTRAINT; Schema: public; Owner: finance
--

ALTER TABLE ONLY public.django_session
    ADD CONSTRAINT django_session_pkey PRIMARY KEY (session_key);


--
-- Name: income_records income_records_pkey; Type: CONSTRAINT; Schema: public; Owner: finance
--

ALTER TABLE ONLY public.income_records
    ADD CONSTRAINT income_records_pkey PRIMARY KEY (id);


--
-- Name: monthly_records monthly_records_pkey; Type: CONSTRAINT; Schema: public; Owner: finance
--

ALTER TABLE ONLY public.monthly_records
    ADD CONSTRAINT monthly_records_pkey PRIMARY KEY (id);


--
-- Name: monthly_records unique_user_month; Type: CONSTRAINT; Schema: public; Owner: finance
--

ALTER TABLE ONLY public.monthly_records
    ADD CONSTRAINT unique_user_month UNIQUE (user_id, date);


--
-- Name: auth_group_name_a6ea08ec_like; Type: INDEX; Schema: public; Owner: finance
--

CREATE INDEX auth_group_name_a6ea08ec_like ON public.auth_group USING btree (name varchar_pattern_ops);


--
-- Name: auth_group_permissions_group_id_b120cbf9; Type: INDEX; Schema: public; Owner: finance
--

CREATE INDEX auth_group_permissions_group_id_b120cbf9 ON public.auth_group_permissions USING btree (group_id);


--
-- Name: auth_group_permissions_permission_id_84c5c92e; Type: INDEX; Schema: public; Owner: finance
--

CREATE INDEX auth_group_permissions_permission_id_84c5c92e ON public.auth_group_permissions USING btree (permission_id);


--
-- Name: auth_permission_content_type_id_2f476e4b; Type: INDEX; Schema: public; Owner: finance
--

CREATE INDEX auth_permission_content_type_id_2f476e4b ON public.auth_permission USING btree (content_type_id);


--
-- Name: auth_user_groups_group_id_97559544; Type: INDEX; Schema: public; Owner: finance
--

CREATE INDEX auth_user_groups_group_id_97559544 ON public.auth_user_groups USING btree (group_id);


--
-- Name: auth_user_groups_user_id_6a12ed8b; Type: INDEX; Schema: public; Owner: finance
--

CREATE INDEX auth_user_groups_user_id_6a12ed8b ON public.auth_user_groups USING btree (user_id);


--
-- Name: auth_user_user_permissions_permission_id_1fbb5f2c; Type: INDEX; Schema: public; Owner: finance
--

CREATE INDEX auth_user_user_permissions_permission_id_1fbb5f2c ON public.auth_user_user_permissions USING btree (permission_id);


--
-- Name: auth_user_user_permissions_user_id_a95ead1b; Type: INDEX; Schema: public; Owner: finance
--

CREATE INDEX auth_user_user_permissions_user_id_a95ead1b ON public.auth_user_user_permissions USING btree (user_id);


--
-- Name: auth_user_username_6821ab7c_like; Type: INDEX; Schema: public; Owner: finance
--

CREATE INDEX auth_user_username_6821ab7c_like ON public.auth_user USING btree (username varchar_pattern_ops);


--
-- Name: daily_records_month_id_fac8097f; Type: INDEX; Schema: public; Owner: finance
--

CREATE INDEX daily_records_month_id_fac8097f ON public.daily_records USING btree (month_id);


--
-- Name: daily_records_user_id_5007cf64; Type: INDEX; Schema: public; Owner: finance
--

CREATE INDEX daily_records_user_id_5007cf64 ON public.daily_records USING btree (user_id);


--
-- Name: django_admin_log_content_type_id_c4bce8eb; Type: INDEX; Schema: public; Owner: finance
--

CREATE INDEX django_admin_log_content_type_id_c4bce8eb ON public.django_admin_log USING btree (content_type_id);


--
-- Name: django_admin_log_user_id_c564eba6; Type: INDEX; Schema: public; Owner: finance
--

CREATE INDEX django_admin_log_user_id_c564eba6 ON public.django_admin_log USING btree (user_id);


--
-- Name: django_session_expire_date_a5c62663; Type: INDEX; Schema: public; Owner: finance
--

CREATE INDEX django_session_expire_date_a5c62663 ON public.django_session USING btree (expire_date);


--
-- Name: django_session_session_key_c0390e0f_like; Type: INDEX; Schema: public; Owner: finance
--

CREATE INDEX django_session_session_key_c0390e0f_like ON public.django_session USING btree (session_key varchar_pattern_ops);


--
-- Name: income_records_month_id_ed342f07; Type: INDEX; Schema: public; Owner: finance
--

CREATE INDEX income_records_month_id_ed342f07 ON public.income_records USING btree (month_id);


--
-- Name: income_records_user_id_b16216d6; Type: INDEX; Schema: public; Owner: finance
--

CREATE INDEX income_records_user_id_b16216d6 ON public.income_records USING btree (user_id);


--
-- Name: monthly_rec_user_id_89bb82_idx; Type: INDEX; Schema: public; Owner: finance
--

CREATE INDEX monthly_rec_user_id_89bb82_idx ON public.monthly_records USING btree (user_id, date);


--
-- Name: monthly_records_user_id_33e41247; Type: INDEX; Schema: public; Owner: finance
--

CREATE INDEX monthly_records_user_id_33e41247 ON public.monthly_records USING btree (user_id);


--
-- Name: auth_group_permissions auth_group_permissio_permission_id_84c5c92e_fk_auth_perm; Type: FK CONSTRAINT; Schema: public; Owner: finance
--

ALTER TABLE ONLY public.auth_group_permissions
    ADD CONSTRAINT auth_group_permissio_permission_id_84c5c92e_fk_auth_perm FOREIGN KEY (permission_id) REFERENCES public.auth_permission(id) DEFERRABLE INITIALLY DEFERRED;


--
-- Name: auth_group_permissions auth_group_permissions_group_id_b120cbf9_fk_auth_group_id; Type: FK CONSTRAINT; Schema: public; Owner: finance
--

ALTER TABLE ONLY public.auth_group_permissions
    ADD CONSTRAINT auth_group_permissions_group_id_b120cbf9_fk_auth_group_id FOREIGN KEY (group_id) REFERENCES public.auth_group(id) DEFERRABLE INITIALLY DEFERRED;


--
-- Name: auth_permission auth_permission_content_type_id_2f476e4b_fk_django_co; Type: FK CONSTRAINT; Schema: public; Owner: finance
--

ALTER TABLE ONLY public.auth_permission
    ADD CONSTRAINT auth_permission_content_type_id_2f476e4b_fk_django_co FOREIGN KEY (content_type_id) REFERENCES public.django_content_type(id) DEFERRABLE INITIALLY DEFERRED;


--
-- Name: auth_user_groups auth_user_groups_group_id_97559544_fk_auth_group_id; Type: FK CONSTRAINT; Schema: public; Owner: finance
--

ALTER TABLE ONLY public.auth_user_groups
    ADD CONSTRAINT auth_user_groups_group_id_97559544_fk_auth_group_id FOREIGN KEY (group_id) REFERENCES public.auth_group(id) DEFERRABLE INITIALLY DEFERRED;


--
-- Name: auth_user_groups auth_user_groups_user_id_6a12ed8b_fk_auth_user_id; Type: FK CONSTRAINT; Schema: public; Owner: finance
--

ALTER TABLE ONLY public.auth_user_groups
    ADD CONSTRAINT auth_user_groups_user_id_6a12ed8b_fk_auth_user_id FOREIGN KEY (user_id) REFERENCES public.auth_user(id) DEFERRABLE INITIALLY DEFERRED;


--
-- Name: auth_user_user_permissions auth_user_user_permi_permission_id_1fbb5f2c_fk_auth_perm; Type: FK CONSTRAINT; Schema: public; Owner: finance
--

ALTER TABLE ONLY public.auth_user_user_permissions
    ADD CONSTRAINT auth_user_user_permi_permission_id_1fbb5f2c_fk_auth_perm FOREIGN KEY (permission_id) REFERENCES public.auth_permission(id) DEFERRABLE INITIALLY DEFERRED;


--
-- Name: auth_user_user_permissions auth_user_user_permissions_user_id_a95ead1b_fk_auth_user_id; Type: FK CONSTRAINT; Schema: public; Owner: finance
--

ALTER TABLE ONLY public.auth_user_user_permissions
    ADD CONSTRAINT auth_user_user_permissions_user_id_a95ead1b_fk_auth_user_id FOREIGN KEY (user_id) REFERENCES public.auth_user(id) DEFERRABLE INITIALLY DEFERRED;


--
-- Name: daily_records daily_records_month_id_fac8097f_fk_monthly_records_id; Type: FK CONSTRAINT; Schema: public; Owner: finance
--

ALTER TABLE ONLY public.daily_records
    ADD CONSTRAINT daily_records_month_id_fac8097f_fk_monthly_records_id FOREIGN KEY (month_id) REFERENCES public.monthly_records(id) DEFERRABLE INITIALLY DEFERRED;


--
-- Name: daily_records daily_records_user_id_5007cf64_fk_auth_user_id; Type: FK CONSTRAINT; Schema: public; Owner: finance
--

ALTER TABLE ONLY public.daily_records
    ADD CONSTRAINT daily_records_user_id_5007cf64_fk_auth_user_id FOREIGN KEY (user_id) REFERENCES public.auth_user(id) DEFERRABLE INITIALLY DEFERRED;


--
-- Name: django_admin_log django_admin_log_content_type_id_c4bce8eb_fk_django_co; Type: FK CONSTRAINT; Schema: public; Owner: finance
--

ALTER TABLE ONLY public.django_admin_log
    ADD CONSTRAINT django_admin_log_content_type_id_c4bce8eb_fk_django_co FOREIGN KEY (content_type_id) REFERENCES public.django_content_type(id) DEFERRABLE INITIALLY DEFERRED;


--
-- Name: django_admin_log django_admin_log_user_id_c564eba6_fk_auth_user_id; Type: FK CONSTRAINT; Schema: public; Owner: finance
--

ALTER TABLE ONLY public.django_admin_log
    ADD CONSTRAINT django_admin_log_user_id_c564eba6_fk_auth_user_id FOREIGN KEY (user_id) REFERENCES public.auth_user(id) DEFERRABLE INITIALLY DEFERRED;


--
-- Name: income_records income_records_month_id_ed342f07_fk_monthly_records_id; Type: FK CONSTRAINT; Schema: public; Owner: finance
--

ALTER TABLE ONLY public.income_records
    ADD CONSTRAINT income_records_month_id_ed342f07_fk_monthly_records_id FOREIGN KEY (month_id) REFERENCES public.monthly_records(id) DEFERRABLE INITIALLY DEFERRED;


--
-- Name: income_records income_records_user_id_b16216d6_fk_auth_user_id; Type: FK CONSTRAINT; Schema: public; Owner: finance
--

ALTER TABLE ONLY public.income_records
    ADD CONSTRAINT income_records_user_id_b16216d6_fk_auth_user_id FOREIGN KEY (user_id) REFERENCES public.auth_user(id) DEFERRABLE INITIALLY DEFERRED;


--
-- Name: monthly_records monthly_records_user_id_33e41247_fk_auth_user_id; Type: FK CONSTRAINT; Schema: public; Owner: finance
--

ALTER TABLE ONLY public.monthly_records
    ADD CONSTRAINT monthly_records_user_id_33e41247_fk_auth_user_id FOREIGN KEY (user_id) REFERENCES public.auth_user(id) DEFERRABLE INITIALLY DEFERRED;


--
-- PostgreSQL database dump complete
--

